name	type	#graphs	#nodes	#avg. nodes	#edges	#avg. edges	#features	task type	#labels
actor	node	1	7600	7600.00	30019	30019.00	932	classification	5
airports	node	1	1190	1190.00	13599	13599.00	1190	classification	4
amazon-ratings	node	1	24492	24492.00	186100	186100.00	300	classification	5
amherst41	node	1	2235	2235.00	181908	181908.00	1193	classification	2
bace	graph	1513	51577	34.09	111536	73.72	9	classification	2
bbbp	graph	2050	49068	23.94	105842	51.63	9	classification	2
chameleon	node	1	2277	2277.00	36101	36101.00	2325	classification	5
cifar10	graph	45000	5294119	117.65	42352952	941.18	3	classification	10
citeseer	node	1	3327	3327.00	9104	9104.00	3703	classification	6
clintox	graph	1484	38846	26.18	82832	55.82	9	classification	2
collab	graph	5000	372474	74.49	24572158	4914.43	1	classification	3
computers	node	1	13752	13752.00	491722	491722.00	767	classification	10
cora	node	1	2708	2708.00	10556	10556.00	1433	classification	7
cora-ml	node	1	2995	2995.00	16316	16316.00	2879	classification	7
corafull	node	1	19793	19793.00	126842	126842.00	8710	classification	70
cornell	node	1	183	183.00	298	298.00	1703	classification	5
cornell5	node	1	18660	18660.00	1581554	1581554.00	4735	classification	2
cs	node	1	18333	18333.00	163788	163788.00	6805	classification	15
dblp	node	1	17716	17716.00	105734	105734.00	1639	classification	4
dd	graph	1178	334925	284.32	1686092	1431.32	89	classification	2
elliptic-bitcoin	node	1	203769	203769.00	234355	234355.00	165	classification	2
email	node	1	1005	1005.00	25571	25571.00	1	classification	42
enzymes	graph	600	19580	32.63	74564	124.27	3	classification	6
esol	graph	1128	14991	13.29	30856	27.35	9	regression	-1
flickr	node	1	89250	89250.00	899756	899756.00	500	classification	7
freesolv	graph	642	5600	8.72	10770	16.78	9	regression	-1
genius	node	1	421961	421961.00	984979	984979.00	12	classification	2
hiv	graph	41127	1048955	25.51	2258902	54.93	9	classification	2
imdb-binary	graph	1000	19773	19.77	193062	193.06	1	classification	2
imdb-multi	graph	1500	19502	13.00	197806	131.87	1	classification	3
johnshopkins55	node	1	5180	5180.00	373172	373172.00	2406	classification	2
lipo	graph	4200	113568	27.04	247798	59.00	9	regression	-1
minesweeper	node	1	10000	10000.00	78804	78804.00	7	classification	2
mnist	graph	55000	3880965	70.56	31047720	564.50	1	classification	10
mutag	graph	188	3371	17.93	7442	39.59	7	classification	2
muv	graph	93087	2255846	24.23	4892252	52.56	9	classification	17
nci1	graph	4110	122747	29.87	265506	64.60	37	classification	2
nci109	graph	4127	122494	29.68	265208	64.26	38	classification	2
ogbg-molhiv	graph	41127	1049163	25.51	2259376	54.94	9	classification	2
ogbg-molpcba	graph	437929	11373137	25.97	24618372	56.22	9	classification	2
ogbn-arxiv	node	1	169343	169343.00	1166243	1166243.00	128	classification	40
ogbn-mag	node	1	0	0.00	0	0.00	0	classification	349
ogbn-papers100m	node	1	111059956	111059956.00	1615685872	1615685872.00	128	classification	172
ogbn-products	node	1	2449029	2449029.00	123718280	123718280.00	100	classification	47
ogbn-proteins	node	1	132534	132534.00	79122504	79122504.00	0	classification	2
pcba	graph	437929	11373112	25.97	24618326	56.22	9	classification	128
penn94	node	1	41554	41554.00	2724458	2724458.00	4814	classification	2
photo	node	1	7650	7650.00	238162	238162.00	745	classification	8
physics	node	1	34493	34493.00	495924	495924.00	8415	classification	5
proteins	graph	1113	43471	39.06	162088	145.63	3	classification	2
pubmed	node	1	19717	19717.00	88648	88648.00	500	classification	3
qm7b	graph	7211	111180	15.42	1766366	244.95	1	regression	-1
qm9	graph	130831	2359210	18.03	4883516	37.33	11	regression	-1
questions	node	1	48921	48921.00	307080	307080.00	301	classification	2
reddit-binary	graph	2000	859254	429.63	1991016	995.51	1	classification	2
reddit-multi-5k	graph	4999	2542071	508.52	5947556	1189.75	1	classification	5
reed98	node	1	962	962.00	37624	37624.00	745	classification	2
roman-empire	node	1	22662	22662.00	65854	65854.00	300	classification	18
sider	graph	1427	48006	33.64	100912	70.72	9	classification	27
squirrel	node	1	5201	5201.00	217073	217073.00	2089	classification	5
texas	node	1	183	183.00	325	325.00	1703	classification	5
tolokers	node	1	11758	11758.00	1038000	1038000.00	10	classification	2
tox21	graph	7831	145256	18.55	301802	38.54	9	classification	12
toxcast	graph	8597	161131	18.74	330428	38.44	9	classification	617
wikics	node	1	11701	11701.00	431726	431726.00	300	classification	10
wisconsin	node	1	251	251.00	515	515.00	1703	classification	5
zinc	graph	220011	5094322	23.15	10959434	49.81	1	regression	-1
zinc15	graph	2000000	53294922	26.65	115464844	57.73	9	none	-1
